1,Betty,Barnes,bbarnes0@example.com,Female
2,Jeffrey,Gardner,jgardner1@vkontakte.ru,Male
3,Janice,Fisher,jfisher2@dailymotion.com,Female
4,Catherine,Holmes,cholmes3@elpais.com,Female
5,Terry,Elliott,telliott4@themeforest.net,Male
6,Russell,Freeman,rfreeman5@slashdot.org,Male
7,Billy,Turner,bturner6@netvibes.com,Male
8,Keith,Lane,klane7@xinhuanet.com,Male
9,Debra,Shaw,dshaw8@reddit.com,Female
10,Tammy,Price,tprice9@oakley.com,Female
11,Frances,Evans,fevansa@goo.gl,Female
12,Juan,Woods,jwoodsb@com.com,Male
13,Martha,Andrews,mandrewsc@telegraph.co.uk,Female
14,Carl,Kelly,ckellyd@aboutads.info,Male
15,Frank,Fisher,ffishere@cnn.com,Male
16,Sara,Carroll,scarrollf@elpais.com,Female
17,Jeremy,Burke,jburkeg@goodreads.com,Male
18,Brian,Kennedy,bkennedyh@princeton.edu,Male
19,Steven,Austin,saustini@timesonline.co.uk,Male
20,Keith,Jenkins,kjenkinsj@usgs.gov,Male
21,Shawn,Andrews,sandrewsk@zimbio.com,Male
22,Brian,Payne,bpaynel@indiatimes.com,Male
23,Laura,Little,llittlem@wiley.com,Female
24,Kimberly,Hill,khilln@discovery.com,Female
25,Ashley,Johnson,ajohnsono@seesaa.net,Female
26,Helen,Spencer,hspencerp@e-recht24.de,Female
27,Annie,Kim,akimq@illinois.edu,Female
28,Pamela,Mason,pmasonr@bluehost.com,Female
29,Chris,Little,clittles@guardian.co.uk,Male
30,Anna,Carroll,acarrollt@furl.net,Female
31,Louis,Washington,lwashingtonu@infoseek.co.jp,Male
32,Fred,Garcia,fgarciav@mozilla.com,Male
33,Kelly,Bryant,kbryantw@stumbleupon.com,Female
34,Nicholas,Hughes,nhughesx@linkedin.com,Male
35,Tina,Garza,tgarzay@cdc.gov,Female
36,Emily,Woods,ewoodsz@cyberchimps.com,Female
37,Michael,Anderson,manderson10@joomla.org,Male
38,Catherine,Parker,cparker11@theglobeandmail.com,Female
39,Gloria,Nichols,gnichols12@hao123.com,Female
40,Beverly,Ward,bward13@mozilla.org,Female
41,Phyllis,Gilbert,pgilbert14@mit.edu,Female
42,Joyce,Fowler,jfowler15@geocities.com,Female
43,Bobby,Jackson,bjackson16@artisteer.com,Male
44,Dorothy,Willis,dwillis17@epa.gov,Female
45,Cynthia,Martin,cmartin18@macromedia.com,Female
46,Marilyn,Mendoza,mmendoza19@sourceforge.net,Female
47,Kevin,Perry,kperry1a@deliciousdays.com,Male
48,Victor,Reynolds,vreynolds1b@washingtonpost.com,Male
49,Theresa,Young,tyoung1c@rakuten.co.jp,Female
50,Alice,Thomas,athomas1d@a8.net,Female
51,Linda,Hanson,lhanson1e@themeforest.net,Female
52,Marilyn,Castillo,mcastillo1f@miibeian.gov.cn,Female
53,Martin,Reid,mreid1g@google.com,Male
54,Brian,Wilson,bwilson1h@diigo.com,Male
55,Todd,Patterson,tpatterson1i@lulu.com,Male
56,Juan,Burke,jburke1j@ezinearticles.com,Male
57,Teresa,Daniels,tdaniels1k@e-recht24.de,Female
58,Ryan,Wright,rwright1l@sourceforge.net,Male
59,Timothy,Hamilton,thamilton1m@yelp.com,Male
60,Margaret,Morrison,mmorrison1n@surveymonkey.com,Female
61,Kelly,Kelly,kkelly1o@topsy.com,Female
62,Steve,Torres,storres1p@intel.com,Male
63,Howard,Carr,hcarr1q@skype.com,Male
64,Anthony,Young,ayoung1r@myspace.com,Male
65,Gregory,Webb,gwebb1s@ifeng.com,Male
66,Amy,Stephens,astephens1t@vk.com,Female
67,David,Medina,dmedina1u@typepad.com,Male
68,Louis,Reynolds,lreynolds1v@creativecommons.org,Male
69,Judy,Turner,jturner1w@senate.gov,Female
70,Barbara,Washington,bwashington1x@thetimes.co.uk,Female
71,Christopher,Cunningham,ccunningham1y@sun.com,Male
72,Janice,Cooper,jcooper1z@tiny.cc,Female
73,Marilyn,Larson,mlarson20@privacy.gov.au,Female
74,Dorothy,Gomez,dgomez21@netscape.com,Female
75,Carol,Wilson,cwilson22@yahoo.com,Female
76,Amanda,Murphy,amurphy23@a8.net,Female
77,Louis,Vasquez,lvasquez24@time.com,Male
78,Jason,Sullivan,jsullivan25@yandex.ru,Male
79,Julia,Hicks,jhicks26@cbslocal.com,Female
80,James,Carter,jcarter27@marriott.com,Male
81,Louis,Long,llong28@drupal.org,Male
82,Todd,Phillips,tphillips29@behance.net,Male
83,Amanda,Anderson,aanderson2a@cmu.edu,Female
84,Jeffrey,Elliott,jelliott2b@123-reg.co.uk,Male
85,Donald,Medina,dmedina2c@businesswire.com,Male
86,Kevin,Freeman,kfreeman2d@nyu.edu,Male
87,Pamela,Garrett,pgarrett2e@deviantart.com,Female
88,Julia,Harrison,jharrison2f@joomla.org,Female
89,Michelle,Peterson,mpeterson2g@google.com.hk,Female
90,Ryan,Morgan,rmorgan2h@uol.com.br,Male
91,Larry,Campbell,lcampbell2i@com.com,Male
92,Howard,Ward,hward2j@gnu.org,Male
93,Phyllis,Gomez,pgomez2k@newyorker.com,Female
94,Virginia,Parker,vparker2l@army.mil,Female
95,Ernest,Morris,emorris2m@spiegel.de,Male
96,Ann,Welch,awelch2n@china.com.cn,Female
97,Ruth,Wagner,rwagner2o@istockphoto.com,Female
98,Earl,Romero,eromero2p@gnu.org,Male
99,Lois,Reynolds,lreynolds2q@dyndns.org,Female
100,Margaret,Rice,mrice2r@sakura.ne.jp,Female
101,Doris,Price,dprice2s@lycos.com,Female
102,Ruth,Pierce,rpierce2t@google.co.jp,Female
103,Chris,Price,cprice2u@example.com,Male
104,Billy,Bryant,bbryant2v@google.com,Male
105,Jeffrey,Hernandez,jhernandez2w@census.gov,Male
106,Timothy,Riley,triley2x@smugmug.com,Male
107,Katherine,Hudson,khudson2y@ifeng.com,Female
108,Gregory,Knight,gknight2z@amazonaws.com,Male
109,Nicholas,Garza,ngarza30@globo.com,Male
110,Anne,Frazier,afrazier31@guardian.co.uk,Female
111,Diane,Stewart,dstewart32@sakura.ne.jp,Female
112,Thomas,Sims,tsims33@slideshare.net,Male
113,Joshua,Smith,jsmith34@nba.com,Male
114,Henry,Castillo,hcastillo35@angelfire.com,Male
115,Ruby,Myers,rmyers36@samsung.com,Female
116,Rose,Fisher,rfisher37@nba.com,Female
117,Jacqueline,Gonzales,jgonzales38@list-manage.com,Female
118,Melissa,Freeman,mfreeman39@opera.com,Female
119,Linda,Gonzalez,lgonzalez3a@booking.com,Female
120,Lawrence,Williams,lwilliams3b@yale.edu,Male
121,Michael,Johnston,mjohnston3c@umich.edu,Male
122,Anne,Hanson,ahanson3d@reuters.com,Female
123,Nancy,Lane,nlane3e@abc.net.au,Female
124,Jennifer,Simpson,jsimpson3f@bravesites.com,Female
125,Margaret,Gardner,mgardner3g@kickstarter.com,Female
126,Jonathan,Sullivan,jsullivan3h@ed.gov,Male
127,Fred,Fox,ffox3i@chron.com,Male
128,Todd,Vasquez,tvasquez3j@umn.edu,Male
129,Dorothy,Day,dday3k@unicef.org,Female
130,Ryan,Romero,rromero3l@si.edu,Male
131,Sarah,Porter,sporter3m@mail.ru,Female
132,Wayne,Alexander,walexander3n@jalbum.net,Male
133,Anthony,Ortiz,aortiz3o@list-manage.com,Male
134,Bonnie,Grant,bgrant3p@topsy.com,Female
135,Mildred,Chapman,mchapman3q@mashable.com,Female
136,Beverly,Alvarez,balvarez3r@walmart.com,Female
137,Alice,Adams,aadams3s@paginegialle.it,Female
138,Jeffrey,Gonzalez,jgonzalez3t@vinaora.com,Male
139,Adam,Ruiz,aruiz3u@un.org,Male
140,Albert,Diaz,adiaz3v@stumbleupon.com,Male
141,Irene,Green,igreen3w@tamu.edu,Female
142,Phyllis,Castillo,pcastillo3x@reverbnation.com,Female
143,David,Mcdonald,dmcdonald3y@nhs.uk,Male
144,Catherine,Green,cgreen3z@fema.gov,Female
145,Brian,Bennett,bbennett40@cornell.edu,Male
146,Ralph,Young,ryoung41@slate.com,Male
147,Joseph,Sims,jsims42@reddit.com,Male
148,Henry,Reed,hreed43@indiatimes.com,Male
149,Raymond,Johnson,rjohnson44@oaic.gov.au,Male
150,Rachel,Moore,rmoore45@i2i.jp,Female
151,Kathy,Woods,kwoods46@chron.com,Female
152,Christopher,Chapman,cchapman47@mac.com,Male
153,Mary,Barnes,mbarnes48@domainmarket.com,Female
154,Steven,Shaw,sshaw49@intel.com,Male
155,Amy,Holmes,aholmes4a@archive.org,Female
156,Frances,Montgomery,fmontgomery4b@google.com.hk,Female
157,Jimmy,Hayes,jhayes4c@nsw.gov.au,Male
158,Stephen,Hill,shill4d@upenn.edu,Male
159,Marilyn,Jones,mjones4e@comcast.net,Female
160,Nancy,Hughes,nhughes4f@salon.com,Female
161,Diana,Stone,dstone4g@walmart.com,Female
162,William,Carpenter,wcarpenter4h@altervista.org,Male
163,Earl,Pierce,epierce4i@youtube.com,Male
164,Gary,Cunningham,gcunningham4j@businessweek.com,Male
165,Julia,Mitchell,jmitchell4k@sphinn.com,Female
166,Timothy,Williamson,twilliamson4l@unesco.org,Male
167,Russell,Perry,rperry4m@aol.com,Male
168,Harry,Duncan,hduncan4n@nationalgeographic.com,Male
169,Mary,Fernandez,mfernandez4o@boston.com,Female
170,Jerry,Hanson,jhanson4p@jugem.jp,Male
171,Virginia,Armstrong,varmstrong4q@fda.gov,Female
172,Victor,Morris,vmorris4r@dmoz.org,Male
173,Rose,Kim,rkim4s@seesaa.net,Female
174,Rebecca,Myers,rmyers4t@nyu.edu,Female
175,Martin,Griffin,mgriffin4u@cisco.com,Male
176,Frances,Romero,fromero4v@opensource.org,Female
177,Christina,Oliver,coliver4w@delicious.com,Female
178,Justin,Armstrong,jarmstrong4x@themeforest.net,Male
179,Sharon,Lane,slane4y@salon.com,Female
180,Annie,Ryan,aryan4z@amazon.com,Female
181,Jessica,Morris,jmorris50@gizmodo.com,Female
182,Carlos,Turner,cturner51@google.com.br,Male
183,Louis,Franklin,lfranklin52@smh.com.au,Male
184,Kathy,Stephens,kstephens53@about.me,Female
185,Chris,Tucker,ctucker54@google.ca,Male
186,Karen,Bailey,kbailey55@sciencedaily.com,Female
187,Jason,Morrison,jmorrison56@guardian.co.uk,Male
188,Brandon,Watkins,bwatkins57@bravesites.com,Male
189,Jacqueline,Jenkins,jjenkins58@un.org,Female
190,Mildred,Austin,maustin59@toplist.cz,Female
191,Joe,Webb,jwebb5a@phpbb.com,Male
192,Angela,Simpson,asimpson5b@odnoklassniki.ru,Female
193,Jimmy,Warren,jwarren5c@miibeian.gov.cn,Male
194,Shawn,Ramos,sramos5d@xrea.com,Male
195,Anne,Williamson,awilliamson5e@tripod.com,Female
196,Anthony,Jackson,ajackson5f@salon.com,Male
197,Jonathan,George,jgeorge5g@hostgator.com,Male
198,Joyce,Simpson,jsimpson5h@oaic.gov.au,Female
199,Rebecca,Scott,rscott5i@mapy.cz,Female
200,Jason,Butler,jbutler5j@typepad.com,Male
201,Sarah,Wright,swright5k@rakuten.co.jp,Female
202,Robert,Garcia,rgarcia5l@bizjournals.com,Male
203,Phyllis,Warren,pwarren5m@deliciousdays.com,Female
204,Christine,Reed,creed5n@networkadvertising.org,Female
205,Joseph,Thompson,jthompson5o@barnesandnoble.com,Male
206,Todd,Harrison,tharrison5p@omniture.com,Male
207,Jane,Peterson,jpeterson5q@webeden.co.uk,Female
208,Amanda,Burke,aburke5r@ebay.com,Female
209,Lillian,Morales,lmorales5s@csmonitor.com,Female
210,Janice,James,jjames5t@deviantart.com,Female
211,Louis,Pierce,lpierce5u@deviantart.com,Male
212,David,Bennett,dbennett5v@japanpost.jp,Male
213,Arthur,Cooper,acooper5w@hexun.com,Male
214,Cheryl,Cooper,ccooper5x@vkontakte.ru,Female
215,Brandon,Castillo,bcastillo5y@4shared.com,Male
216,Victor,Coleman,vcoleman5z@blogger.com,Male
217,Kathy,Gray,kgray60@cnet.com,Female
218,Alan,Reyes,areyes61@twitter.com,Male
219,Karen,Cole,kcole62@google.nl,Female
220,Marilyn,Knight,mknight63@yale.edu,Female
221,Harold,Wells,hwells64@topsy.com,Male
222,Carlos,Bowman,cbowman65@unc.edu,Male
223,Bonnie,Rivera,brivera66@bizjournals.com,Female
224,Andrew,Edwards,aedwards67@google.com.hk,Male
225,Kenneth,Robinson,krobinson68@arizona.edu,Male
226,Alan,Crawford,acrawford69@behance.net,Male
227,Matthew,Johnson,mjohnson6a@stanford.edu,Male
228,Anna,Howell,ahowell6b@imdb.com,Female
229,Sandra,Mason,smason6c@blogtalkradio.com,Female
230,Diana,Young,dyoung6d@bloglovin.com,Female
231,Steve,Sullivan,ssullivan6e@telegraph.co.uk,Male
232,Kathy,Bryant,kbryant6f@netvibes.com,Female
233,Sarah,Morrison,smorrison6g@livejournal.com,Female
234,Lois,Ramirez,lramirez6h@gravatar.com,Female
235,Wanda,Daniels,wdaniels6i@archive.org,Female
236,Stephen,Price,sprice6j@salon.com,Male
237,William,Daniels,wdaniels6k@csmonitor.com,Male
238,Amy,Long,along6l@tinyurl.com,Female
239,James,Dean,jdean6m@moonfruit.com,Male
240,Stephanie,Watkins,swatkins6n@google.com,Female
241,Paula,Hughes,phughes6o@com.com,Female
242,Alan,Nguyen,anguyen6p@nasa.gov,Male
243,Sharon,Bell,sbell6q@census.gov,Female
244,Catherine,Jordan,cjordan6r@tumblr.com,Female
245,Sean,Jackson,sjackson6s@blogtalkradio.com,Male
246,Lisa,Ramirez,lramirez6t@icio.us,Female
247,Samuel,Rivera,srivera6u@jimdo.com,Male
248,Gary,Ellis,gellis6v@time.com,Male
249,Brian,Stephens,bstephens6w@drupal.org,Male
250,Ralph,Armstrong,rarmstrong6x@zdnet.com,Male
251,Donald,Montgomery,dmontgomery6y@wunderground.com,Male
252,Howard,King,hking6z@china.com.cn,Male
253,Gregory,Chapman,gchapman70@upenn.edu,Male
254,Brenda,Washington,bwashington71@dyndns.org,Female
255,Frank,Williamson,fwilliamson72@imdb.com,Male
256,Mark,Black,mblack73@prweb.com,Male
257,Adam,Wheeler,awheeler74@businessinsider.com,Male
258,Angela,Washington,awashington75@yellowpages.com,Female
259,Samuel,Jacobs,sjacobs76@mapquest.com,Male
260,Sandra,Carpenter,scarpenter77@surveymonkey.com,Female
261,Christine,Reid,creid78@wufoo.com,Female
262,Frances,Burke,fburke79@exblog.jp,Female
263,Mildred,Garcia,mgarcia7a@va.gov,Female
264,Wanda,Gonzales,wgonzales7b@vkontakte.ru,Female
265,Eugene,Webb,ewebb7c@purevolume.com,Male
266,Arthur,Walker,awalker7d@psu.edu,Male
267,Nancy,Daniels,ndaniels7e@imgur.com,Female
268,Clarence,Parker,cparker7f@businessweek.com,Male
269,Patrick,Kennedy,pkennedy7g@netscape.com,Male
270,Peter,Hall,phall7h@360.cn,Male
271,Kelly,Fox,kfox7i@diigo.com,Female
272,Ernest,Bradley,ebradley7j@bbc.co.uk,Male
273,Christopher,Harvey,charvey7k@bbb.org,Male
274,Jesse,Gutierrez,jgutierrez7l@technorati.com,Male
275,Clarence,Dunn,cdunn7m@jugem.jp,Male
276,Joan,Boyd,jboyd7n@reference.com,Female
277,Lisa,Simmons,lsimmons7o@pen.io,Female
278,Pamela,Coleman,pcoleman7p@topsy.com,Female
279,Robin,Clark,rclark7q@cloudflare.com,Female
280,Virginia,Warren,vwarren7r@cbslocal.com,Female
281,Jacqueline,Washington,jwashington7s@twitpic.com,Female
282,Amanda,Murray,amurray7t@reverbnation.com,Female
283,Norma,Allen,nallen7u@mapquest.com,Female
284,Michelle,Marshall,mmarshall7v@hp.com,Female
285,Brian,Morris,bmorris7w@elpais.com,Male
286,Christine,Ellis,cellis7x@buzzfeed.com,Female
287,Susan,Torres,storres7y@linkedin.com,Female
288,Stephanie,Graham,sgraham7z@sourceforge.net,Female
289,Jane,Griffin,jgriffin80@nytimes.com,Female
290,Eric,Mills,emills81@mysql.com,Male
291,Sean,Black,sblack82@huffingtonpost.com,Male
292,Ashley,Knight,aknight83@discuz.net,Female
293,Denise,Robinson,drobinson84@bravesites.com,Female
294,Frank,Mason,fmason85@google.ca,Male
295,Michelle,Romero,mromero86@thetimes.co.uk,Female
296,Robin,Olson,rolson87@indiatimes.com,Female
297,Jeremy,Hall,jhall88@mysql.com,Male
298,Sarah,Shaw,sshaw89@comsenz.com,Female
299,Joseph,Lewis,jlewis8a@guardian.co.uk,Male
300,Pamela,Ryan,pryan8b@mit.edu,Female
301,Deborah,Gordon,dgordon8c@ezinearticles.com,Female
302,Jason,Knight,jknight8d@salon.com,Male
303,Christopher,Tucker,ctucker8e@sakura.ne.jp,Male
304,Rose,Marshall,rmarshall8f@feedburner.com,Female
305,Fred,Mason,fmason8g@creativecommons.org,Male
306,Albert,Castillo,acastillo8h@businesswire.com,Male
307,Theresa,Hill,thill8i@reverbnation.com,Female
308,Robin,Vasquez,rvasquez8j@ca.gov,Female
309,Julie,Stewart,jstewart8k@imdb.com,Female
310,Angela,Mcdonald,amcdonald8l@jigsy.com,Female
311,Doris,Franklin,dfranklin8m@booking.com,Female
312,Eugene,Hill,ehill8n@imdb.com,Male
313,Willie,Hernandez,whernandez8o@oracle.com,Male
314,Christina,Stephens,cstephens8p@shinystat.com,Female
315,Alice,Walker,awalker8q@tamu.edu,Female
316,Kimberly,Bryant,kbryant8r@gov.uk,Female
317,Brenda,Nelson,bnelson8s@slashdot.org,Female
318,Bonnie,Williamson,bwilliamson8t@dmoz.org,Female
319,Joseph,Evans,jevans8u@github.io,Male
320,Patrick,Sanchez,psanchez8v@free.fr,Male
321,Cynthia,Burke,cburke8w@opensource.org,Female
322,Maria,Robertson,mrobertson8x@unc.edu,Female
323,Christopher,Tucker,ctucker8y@japanpost.jp,Male
324,Antonio,Gonzales,agonzales8z@archive.org,Male
325,Rose,Simmons,rsimmons90@si.edu,Female
326,Andrea,Barnes,abarnes91@opensource.org,Female
327,Patricia,Romero,promero92@toplist.cz,Female
328,Dennis,Washington,dwashington93@rakuten.co.jp,Male
329,Mary,Payne,mpayne94@cpanel.net,Female
330,Shirley,Cruz,scruz95@baidu.com,Female
331,Ernest,Stephens,estephens96@blog.com,Male
332,Jose,Snyder,jsnyder97@symantec.com,Male
333,Jerry,Thompson,jthompson98@diigo.com,Male
334,Paul,Howard,phoward99@networksolutions.com,Male
335,Amy,Fox,afox9a@statcounter.com,Female
336,Joyce,Cruz,jcruz9b@seattletimes.com,Female
337,Evelyn,Gutierrez,egutierrez9c@yahoo.com,Female
338,Julia,Alexander,jalexander9d@phpbb.com,Female
339,Fred,Mitchell,fmitchell9e@twitter.com,Male
340,Kathleen,Lynch,klynch9f@paypal.com,Female
341,Andrew,Powell,apowell9g@ezinearticles.com,Male
342,Janice,Harris,jharris9h@naver.com,Female
343,Rebecca,Wright,rwright9i@comsenz.com,Female
344,Russell,Perkins,rperkins9j@photobucket.com,Male
345,Janet,Palmer,jpalmer9k@twitter.com,Female
346,Matthew,Bradley,mbradley9l@amazonaws.com,Male
347,Scott,Greene,sgreene9m@mtv.com,Male
348,Eugene,Butler,ebutler9n@spiegel.de,Male
349,Thomas,James,tjames9o@columbia.edu,Male
350,Judith,Thompson,jthompson9p@opera.com,Female
351,Elizabeth,Little,elittle9q@fotki.com,Female
352,Lillian,Kelley,lkelley9r@wp.com,Female
353,Lisa,Mccoy,lmccoy9s@archive.org,Female
354,Joe,Ray,jray9t@yahoo.com,Male
355,Christina,Kelly,ckelly9u@usatoday.com,Female
356,Gary,Nelson,gnelson9v@va.gov,Male
357,Michael,Burke,mburke9w@wordpress.org,Male
358,Julie,Carter,jcarter9x@ed.gov,Female
359,Ann,Black,ablack9y@wp.com,Female
360,Janice,Grant,jgrant9z@usnews.com,Female
361,Ann,Peterson,apetersona0@weather.com,Female
362,Joan,Lawrence,jlawrencea1@timesonline.co.uk,Female
363,James,Murphy,jmurphya2@naver.com,Male
364,Carl,West,cwesta3@ocn.ne.jp,Male
365,Alan,Fields,afieldsa4@phoca.cz,Male
366,Eugene,Mcdonald,emcdonalda5@wikimedia.org,Male
367,Brian,Fisher,bfishera6@i2i.jp,Male
368,Joshua,Harrison,jharrisona7@hexun.com,Male
369,Jesse,Hawkins,jhawkinsa8@google.co.uk,Male
370,Theresa,Lopez,tlopeza9@google.nl,Female
371,Helen,Sanders,hsandersaa@deviantart.com,Female
372,Scott,Smith,ssmithab@altervista.org,Male
373,Irene,Cole,icoleac@over-blog.com,Female
374,Gary,Fernandez,gfernandezad@edublogs.org,Male
375,Louise,Sanders,lsandersae@nymag.com,Female
376,Willie,Cox,wcoxaf@mapquest.com,Male
377,Peter,Ramos,pramosag@jiathis.com,Male
378,Willie,Mason,wmasonah@nhs.uk,Male
379,Jacqueline,Watkins,jwatkinsai@quantcast.com,Female
380,Joan,Gonzales,jgonzalesaj@jugem.jp,Female
381,Kenneth,Hall,khallak@umich.edu,Male
382,Martha,Kelley,mkelleyal@epa.gov,Female
383,Kathleen,Burton,kburtonam@godaddy.com,Female
384,Jason,Perry,jperryan@canalblog.com,Male
385,Evelyn,Hunter,ehunterao@altervista.org,Female
386,Robert,Peters,rpetersap@cisco.com,Male
387,Margaret,Richards,mrichardsaq@state.tx.us,Female
388,Michael,West,mwestar@wufoo.com,Male
389,Barbara,Adams,badamsas@yahoo.com,Female
390,Amy,Carter,acarterat@imdb.com,Female
391,Roger,Rice,rriceau@amazon.co.uk,Male
392,Ralph,Webb,rwebbav@webnode.com,Male
393,Susan,Howard,showardaw@wikia.com,Female
394,Patricia,Gonzalez,pgonzalezax@edublogs.org,Female
395,Ann,Perez,aperezay@yale.edu,Female
396,Joan,Phillips,jphillipsaz@moonfruit.com,Female
397,Angela,Miller,amillerb0@tinypic.com,Female
398,Michael,Snyder,msnyderb1@ameblo.jp,Male
399,Janice,Romero,jromerob2@eepurl.com,Female
400,Melissa,Gardner,mgardnerb3@amazon.de,Female
401,Julia,Alvarez,jalvarezb4@huffingtonpost.com,Female
402,Melissa,Perkins,mperkinsb5@nationalgeographic.com,Female
403,Jacqueline,Carter,jcarterb6@trellian.com,Female
404,Helen,Burke,hburkeb7@ca.gov,Female
405,Arthur,Mccoy,amccoyb8@upenn.edu,Male
406,Gary,Kelley,gkelleyb9@bbb.org,Male
407,Kathy,Carpenter,kcarpenterba@jugem.jp,Female
408,Matthew,Stone,mstonebb@ovh.net,Male
409,Martha,Lewis,mlewisbc@weibo.com,Female
410,Jacqueline,Graham,jgrahambd@diigo.com,Female
411,Brandon,Ruiz,bruizbe@blog.com,Male
412,Fred,Roberts,frobertsbf@a8.net,Male
413,Debra,Morales,dmoralesbg@list-manage.com,Female
414,Aaron,Cunningham,acunninghambh@dailymotion.com,Male
415,Frances,Payne,fpaynebi@earthlink.net,Female
416,Harry,Murphy,hmurphybj@dagondesign.com,Male
417,Teresa,Edwards,tedwardsbk@163.com,Female
418,Alice,Nguyen,anguyenbl@i2i.jp,Female
419,Keith,Jenkins,kjenkinsbm@theglobeandmail.com,Male
420,Carl,Dunn,cdunnbn@last.fm,Male
421,Jack,Adams,jadamsbo@wufoo.com,Male
422,Lisa,George,lgeorgebp@omniture.com,Female
423,Anne,Johnson,ajohnsonbq@desdev.cn,Female
424,Jack,Grant,jgrantbr@usda.gov,Male
425,Mark,Young,myoungbs@xrea.com,Male
426,Louis,Matthews,lmatthewsbt@tumblr.com,Male
427,William,Mason,wmasonbu@loc.gov,Male
428,Virginia,Little,vlittlebv@nba.com,Female
429,Alan,George,ageorgebw@google.fr,Male
430,Cheryl,Fox,cfoxbx@barnesandnoble.com,Female
431,Pamela,Hughes,phughesby@smugmug.com,Female
432,Andrea,Andrews,aandrewsbz@archive.org,Female
433,Kevin,Martin,kmartinc0@walmart.com,Male
434,Diana,Garza,dgarzac1@gmpg.org,Female
435,Evelyn,Ryan,eryanc2@google.ru,Female
436,Brandon,Holmes,bholmesc3@weebly.com,Male
437,Christopher,Austin,caustinc4@histats.com,Male
438,Daniel,Lawson,dlawsonc5@behance.net,Male
439,Michael,Ortiz,mortizc6@reddit.com,Male
440,Gary,Mcdonald,gmcdonaldc7@netscape.com,Male
441,Michael,Holmes,mholmesc8@lulu.com,Male
442,Ann,Mills,amillsc9@mapy.cz,Female
443,Jerry,James,jjamesca@geocities.jp,Male
444,Sarah,Gilbert,sgilbertcb@addtoany.com,Female
445,Kathy,Rivera,kriveracc@walmart.com,Female
446,Gary,Stone,gstonecd@europa.eu,Male
447,Nicole,Gonzales,ngonzalesce@kickstarter.com,Female
448,Harry,Cunningham,hcunninghamcf@wordpress.org,Male
449,Russell,Kennedy,rkennedycg@netscape.com,Male
450,Jeremy,Taylor,jtaylorch@yandex.ru,Male
451,Kathryn,Thompson,kthompsonci@vistaprint.com,Female
452,Lisa,Torres,ltorrescj@intel.com,Female
453,Jacqueline,Mccoy,jmccoyck@uol.com.br,Female
454,Mark,Thomas,mthomascl@sciencedirect.com,Male
455,Ruth,Sanders,rsanderscm@prlog.org,Female
456,David,Graham,dgrahamcn@clickbank.net,Male
457,Deborah,Ward,dwardco@bandcamp.com,Female
458,Jose,Montgomery,jmontgomerycp@instagram.com,Male
459,Rose,Robinson,rrobinsoncq@scribd.com,Female
460,Cheryl,Sims,csimscr@51.la,Female
461,Louise,Duncan,lduncancs@google.com.hk,Female
462,Keith,Johnston,kjohnstonct@artisteer.com,Male
463,Nicholas,Rodriguez,nrodriguezcu@domainmarket.com,Male
464,Annie,Simpson,asimpsoncv@naver.com,Female
465,Kimberly,Perez,kperezcw@webs.com,Female
466,Benjamin,Dean,bdeancx@aboutads.info,Male
467,Russell,Ferguson,rfergusoncy@pinterest.com,Male
468,Rachel,Perry,rperrycz@china.com.cn,Female
469,Brandon,Hicks,bhicksd0@chicagotribune.com,Male
470,Michelle,Greene,mgreened1@yale.edu,Female
471,Kathryn,Perkins,kperkinsd2@list-manage.com,Female
472,Nancy,Garcia,ngarciad3@ocn.ne.jp,Female
473,Dorothy,Carpenter,dcarpenterd4@fastcompany.com,Female
474,Matthew,Hunter,mhunterd5@blogtalkradio.com,Male
475,Sandra,Stephens,sstephensd6@mapquest.com,Female
476,Martin,Lynch,mlynchd7@fc2.com,Male
477,Martha,Lewis,mlewisd8@jiathis.com,Female
478,Roger,Williams,rwilliamsd9@soup.io,Male
479,Sean,Tucker,stuckerda@deliciousdays.com,Male
480,Denise,Burns,dburnsdb@addthis.com,Female
481,Bobby,Garcia,bgarciadc@github.com,Male
482,Joshua,Martin,jmartindd@simplemachines.org,Male
483,Wanda,Bishop,wbishopde@kickstarter.com,Female
484,Daniel,Thompson,dthompsondf@liveinternet.ru,Male
485,Peter,Gray,pgraydg@clickbank.net,Male
486,Kenneth,Campbell,kcampbelldh@yelp.com,Male
487,Howard,Austin,haustindi@tuttocitta.it,Male
488,Jennifer,Spencer,jspencerdj@meetup.com,Female
489,Andrea,Long,alongdk@amazonaws.com,Female
490,Justin,Crawford,jcrawforddl@scribd.com,Male
491,Laura,Ward,lwarddm@statcounter.com,Female
492,Chris,Alvarez,calvarezdn@blogspot.com,Male
493,Carl,Murphy,cmurphydo@people.com.cn,Male
494,David,Williams,dwilliamsdp@mapy.cz,Male
495,Jose,Ferguson,jfergusondq@simplemachines.org,Male
496,Rebecca,Chapman,rchapmandr@foxnews.com,Female
497,Edward,Wright,ewrightds@vk.com,Male
498,Mildred,Lawson,mlawsondt@123-reg.co.uk,Female
499,Earl,Willis,ewillisdu@eepurl.com,Male
500,Todd,Green,tgreendv@vistaprint.com,Male
